En çok yapılan sorgular	Tıklamalar	Gösterimler	TO	Pozisyon
батч код проверить	1.0	9.0	0.11109999999999999	22.89
проверить батч код	1.0	7.0	0.1429	26.43
проверить батч код косметики	1.0	3.0	0.3333	49.67
เช็คโค้ดน้ำหอม dior	1.0	2.0	0.5	8.0
cerave срок годности	1.0	1.0	1.0	19.0
バッチコード 香水	1.0	1.0	1.0	31.0
batch code	0.0	24.0	0.0	42.04
batch number	0.0	15.0	0.0	85.67
chargennummer herstellungsdatum kosmetik	0.0	14.0	0.0	18.57
batch code checker	0.0	13.0	0.0	45.0
batch code perfume	0.0	13.0	0.0	50.15
biossance expiration date	0.0	12.0	0.0	78.83
perfume batch code	0.0	11.0	0.0	45.27
batch code check	0.0	10.0	0.0	42.1
fragrance batch code	0.0	10.0	0.0	50.8
chargennummer kosmetik haltbarkeit	0.0	8.0	0.0	23.88
product batch number	0.0	8.0	0.0	69.62
"""estée lauder"" +""mac cosmetics"""	0.0	7.0	0.0	28.0
ランコム ジェニ フィック 製造 番号	0.0	7.0	0.0	39.86
check cosmetic batch code	0.0	7.0	0.0	42.29
checking batch codes	0.0	7.0	0.0	64.0
makeup expiration date check	0.0	7.0	0.0	76.71
soap expiration date	0.0	7.0	0.0	82.29
check batch code	0.0	6.0	0.0	50.33
batchcode	0.0	6.0	0.0	67.67
fragrance check	0.0	6.0	0.0	71.5
soap expiry date	0.0	6.0	0.0	85.33
batchkode	0.0	5.0	0.0	4.6
dior batch kodu sorgulama	0.0	5.0	0.0	6.6
chargennummer kosmetik	0.0	5.0	0.0	23.0
how long does mascara last unopened	0.0	5.0	0.0	36.2
batch code check perfume	0.0	5.0	0.0	49.2
cosmetic batch code	0.0	5.0	0.0	54.6
parfum check	0.0	5.0	0.0	54.8
codigo perfumes	0.0	5.0	0.0	62.2
cosmetic date check	0.0	5.0	0.0	62.2
product batch code	0.0	5.0	0.0	62.8
batch code number	0.0	5.0	0.0	67.0
cosmetic check expiry date	0.0	5.0	0.0	77.4
batch number on products	0.0	5.0	0.0	85.6
barcode cosmetics	0.0	5.0	0.0	87.8
consulta la fecha de fabricación de perfumes y cosméticos	0.0	4.0	0.0	4.75
code date péremption cosmétique	0.0	4.0	0.0	16.75
dior batch code	0.0	4.0	0.0	27.75
dior sauvage batch code	0.0	4.0	0.0	31.25
how long does unopened mascara last	0.0	4.0	0.0	37.5
batchnummer finden	0.0	4.0	0.0	45.25
batch number check	0.0	4.0	0.0	50.25
batch code perfume check	0.0	4.0	0.0	50.5
check batch code cosmetics	0.0	4.0	0.0	54.5
check perfume batch code	0.0	4.0	0.0	54.5
check cosmetics	0.0	4.0	0.0	56.0
косметика по батч коду	0.0	4.0	0.0	57.25
batchnummer	0.0	4.0	0.0	60.5
cosmetic expiry date check	0.0	4.0	0.0	64.25
cosmetic expiry date	0.0	4.0	0.0	65.0
check cosmetic expiry date	0.0	4.0	0.0	71.75
check expiration date makeup	0.0	4.0	0.0	83.25
"""l'oreal paris"" ""lorealparis"" -site:reddit.com -site:twitter.com 
-site:x.com -site:wykop.pl -site:tripadvisor.com -site:youtube.com 
-site:yelp.com -site:booking.com -site:facebook.com -site:instagram.com 
-site:tiktok.com"	0.0	3.0	0.0	3.0
zara perfume expiry date	0.0	3.0	0.0	5.33
batch kod	0.0	3.0	0.0	8.0
estee lauder date code	0.0	3.0	0.0	24.33
batch code carolina herrera	0.0	3.0	0.0	26.33
paco rabanne 1 million batch code	0.0	3.0	0.0	29.0
mac lipstick expiration date	0.0	3.0	0.0	32.0
verificare produs original	0.0	3.0	0.0	32.33
creed batch code checker	0.0	3.0	0.0	33.67
"""l'oreal"" -""e-bay"" -""trova prezzi"""	0.0	3.0	0.0	34.67
verificare termen valabilitate cosmetice	0.0	3.0	0.0	35.33
parfum code checker	0.0	3.0	0.0	36.67
how long does fragrance last	0.0	3.0	0.0	41.0
parfum batch code	0.0	3.0	0.0	41.0
проверка батч кода парфюмерии	0.0	3.0	0.0	41.67
cosmetic batch code checker	0.0	3.0	0.0	45.33
化粧品 番号	0.0	3.0	0.0	48.0
check perfume code	0.0	3.0	0.0	51.33
проверить батч код парфюма	0.0	3.0	0.0	52.33
how long does a perfume last	0.0	3.0	0.0	52.67
fragrance batch control	0.0	3.0	0.0	54.33
consultar batch code	0.0	3.0	0.0	57.0
batch code cosmetics	0.0	3.0	0.0	58.33
can nail polish expire	0.0	3.0	0.0	58.33
батч код	0.0	3.0	0.0	58.33
батч	0.0	3.0	0.0	59.0
when does mascara expire	0.0	3.0	0.0	60.67
батч код парфюм	0.0	3.0	0.0	62.0
perfume batch number	0.0	3.0	0.0	62.33
perfume expiry date	0.0	3.0	0.0	62.33
cosmetics expiry date	0.0	3.0	0.0	63.67
where to find batch code	0.0	3.0	0.0	64.67
cosmetics expiry date check	0.0	3.0	0.0	65.0
check perfume	0.0	3.0	0.0	65.67
batch	0.0	3.0	0.0	73.67
cosmetic expiry date code	0.0	3.0	0.0	75.67
makeup expiration check	0.0	3.0	0.0	75.67
perfume check	0.0	3.0	0.0	76.33
how long do perfumes last	0.0	3.0	0.0	77.0
batch numbers on products	0.0	3.0	0.0	85.0
mac codes	0.0	3.0	0.0	89.67
batch number meaning	0.0	3.0	0.0	91.33
batch numbers	0.0	3.0	0.0	93.0
"""loreal paris"" ""loreal paris"" -site:reddit.com -site:twitter.com 
-site:x.com -site:wykop.pl -site:tripadvisor.com -site:youtube.com 
-site:yelp.com -site:booking.com -site:facebook.com -site:instagram.com 
-site:tiktok.com"	0.0	2.0	0.0	3.0
メイベリン 製造年月日	0.0	2.0	0.0	7.5
provera batch koda parfema	0.0	2.0	0.0	8.0
батч код проверка	0.0	2.0	0.0	8.5
kosmetiikan valmistuspäivä	0.0	2.0	0.0	9.0
"""loreal"" -site:reddit.com -site:twitter.com -site:x.com -site:wykop.pl 
-site:tripadvisor.com -site:youtube.com -site:yelp.com -site:booking.com 
-site:facebook.com -site:instagram.com -site:tiktok.com"	0.0	2.0	0.0	9.5
batchkod	0.0	2.0	0.0	9.5
ニベア 製造年月日	0.0	2.0	0.0	10.0
how long does mac makeup last before it expires	0.0	2.0	0.0	12.0
коды косметики +и парфюмерии	0.0	2.0	0.0	18.0
paco rabanne batch code	0.0	2.0	0.0	24.0
проверка по батч коду	0.0	2.0	0.0	26.5
site verificare produse cosmetice	0.0	2.0	0.0	30.5
shiseido batch code	0.0	2.0	0.0	31.5
cod valabilitate cosmetice	0.0	2.0	0.0	32.0
batch code dior	0.0	2.0	0.0	33.0
batch code creed	0.0	2.0	0.0	33.5
chanel batch code	0.0	2.0	0.0	36.0
batch code jean paul gaultier	0.0	2.0	0.0	36.5
nivea shampoo codecheck	0.0	2.0	0.0	37.5
how long will mascara last unopened	0.0	2.0	0.0	39.0
parfum batch code check	0.0	2.0	0.0	40.0
batch kodu sorgulama	0.0	2.0	0.0	41.0
code batch	0.0	2.0	0.0	41.0
батч код проверить онлайн	0.0	2.0	0.0	41.0
creed batch number	0.0	2.0	0.0	41.5
perfume batch code checker	0.0	2.0	0.0	41.5
проверка косметики по коду	0.0	2.0	0.0	41.5
medik8 batch code	0.0	2.0	0.0	42.0
does eyeliner expire	0.0	2.0	0.0	42.5
how to check the ordinary original batch code	0.0	2.0	0.0	43.5
check fragrance batch code	0.0	2.0	0.0	44.0
cosmetics batch code checker	0.0	2.0	0.0	44.0
cosmetics batch code	0.0	2.0	0.0	45.0
check cosmetics batch code	0.0	2.0	0.0	45.5
check batch codes	0.0	2.0	0.0	46.0
check cosmetics expiry date	0.0	2.0	0.0	46.0
fragrance batch code check	0.0	2.0	0.0	46.0
shampoo codecheck	0.0	2.0	0.0	46.0
batch code fragrance	0.0	2.0	0.0	46.5
does mascara expire	0.0	2.0	0.0	46.5
verificare termen de valabilitate	0.0	2.0	0.0	46.5
maybelline expiry date	0.0	2.0	0.0	47.0
parfum original check	0.0	2.0	0.0	47.0
fragrance batch code checker	0.0	2.0	0.0	48.0
does eau de parfum last long	0.0	2.0	0.0	49.5
comprobar batch perfume	0.0	2.0	0.0	50.5
how long does mascara last	0.0	2.0	0.0	50.5
korea expiry date format	0.0	2.0	0.0	50.5
cologne batch code checker	0.0	2.0	0.0	51.0
does skincare expire	0.0	2.0	0.0	52.0
fragrance batch codes	0.0	2.0	0.0	52.0
check cosmetic	0.0	2.0	0.0	52.5
cual es el codigo de lote de un perfume	0.0	2.0	0.0	52.5
батч код парфуми	0.0	2.0	0.0	52.5
nivea barcode	0.0	2.0	0.0	53.0
how long does eau de parfum last	0.0	2.0	0.0	54.0
fragrance checker	0.0	2.0	0.0	54.5
verificare parfum	0.0	2.0	0.0	54.5
проверить батч код духов	0.0	2.0	0.0	54.5
батч коды парфюмерии	0.0	2.0	0.0	55.0
mascara shelf life	0.0	2.0	0.0	55.5
батч код парфюмерия	0.0	2.0	0.0	55.5
perfume checker	0.0	2.0	0.0	56.5
batch perfumes	0.0	2.0	0.0	57.5
expiry date of mac foundation	0.0	2.0	0.0	59.0
batch check fragrance	0.0	2.0	0.0	60.5
makeup batch code	0.0	2.0	0.0	60.5
shelf life of nail polish	0.0	2.0	0.0	63.0
перевірити батч код парфумів	0.0	2.0	0.0	63.5
check fragrance	0.0	2.0	0.0	64.0
how do you know if nail polish is expired	0.0	2.0	0.0	65.0
cosmetic check	0.0	2.0	0.0	65.5
เช็คเลข batch code	0.0	2.0	0.0	65.5
где находится батч код на духах	0.0	2.0	0.0	66.5
expiry date makeup	0.0	2.0	0.0	67.0
cosmetic expiry check	0.0	2.0	0.0	67.5
produse cosmetice fara termen de valabilitate	0.0	2.0	0.0	67.5
valabilitate cosmetice	0.0	2.0	0.0	67.5
bio essence expiry date	0.0	2.0	0.0	68.0
expiry date of perfume	0.0	2.0	0.0	68.0
how to find product batch code	0.0	2.0	0.0	68.0
cosmetic expiry date checker	0.0	2.0	0.0	69.5
fragrance expiration date	0.0	2.0	0.0	70.0
cosmetic expiration date	0.0	2.0	0.0	71.0
expiry date cosmetics	0.0	2.0	0.0	71.0
how long is mascara good for	0.0	2.0	0.0	71.0
product expiration date codes	0.0	2.0	0.0	71.0
fragrance expiry date	0.0	2.0	0.0	71.5
how long can fragrance last	0.0	2.0	0.0	71.5
cosmetics expiration date	0.0	2.0	0.0	72.0
check date cosmetic	0.0	2.0	0.0	72.5
how long should perfume last	0.0	2.0	0.0	75.0
batch date	0.0	2.0	0.0	75.5
how long does perfumes last	0.0	2.0	0.0	75.5
cologne expiration date	0.0	2.0	0.0	78.5
expiration date perfume	0.0	2.0	0.0	78.5
houdbaarheid eau de toilette	0.0	2.0	0.0	80.5
mascara expiry	0.0	2.0	0.0	80.5
sunscreen expiration codes	0.0	2.0	0.0	81.0
check expiration date cosmetics	0.0	2.0	0.0	82.0
how to check expiry date of cosmetics	0.0	2.0	0.0	83.0
check makeup expiry date	0.0	2.0	0.0	87.0
does sunscreen expire	0.0	2.0	0.0	87.0
when does perfume expire	0.0	2.0	0.0	87.0
can perfume go off	0.0	2.0	0.0	88.0
cilt bakım ürünleri nasıl saklanmalı	0.0	2.0	0.0	89.5
cosmetics expiration dates	0.0	2.0	0.0	89.5
does sunblock expire	0.0	2.0	0.0	90.5
houdbaarheid parfum	0.0	2.0	0.0	92.5
beauty product expiration date	0.0	2.0	0.0	95.0
shampoo expiration date	0.0	2.0	0.0	95.0
product expiration date	0.0	2.0	0.0	97.5
houdbaarheid eau de parfum	0.0	2.0	0.0	99.0
skincare expiration date	0.0	2.0	0.0	99.5
give me photo	0.0	1.0	0.0	1.0
หมดอายุหรือยัง	0.0	1.0	0.0	1.0
как узнать срок годности	0.0	1.0	0.0	2.0
هده	0.0	1.0	0.0	2.0
"""physiogel"" -site:reddit.com -site:twitter.com -site:x.com -site:wykop.pl 
-site:tripadvisor.com -site:youtube.com -site:yelp.com -site:booking.com 
-site:facebook.com -site:instagram.com -site:tiktok.com"	0.0	1.0	0.0	6.0
what is a batch code	0.0	1.0	0.0	6.0
"""l oreal"" -site:reddit.com -site:twitter.com -site:x.com -site:wykop.pl 
-site:tripadvisor.com -site:youtube.com -site:yelp.com -site:booking.com 
-site:facebook.com -site:instagram.com -site:tiktok.com"	0.0	1.0	0.0	8.0
cod dunhill	0.0	1.0	0.0	8.0
estee lauder barcode check	0.0	1.0	0.0	8.0
how long does mascara expire if not opened	0.0	1.0	0.0	8.0
l oreal authenticity check online	0.0	1.0	0.0	8.0
loreal chargenschlüssel	0.0	1.0	0.0	8.0
проверить батч-код	0.0	1.0	0.0	8.0
نعم	0.0	1.0	0.0	8.0
batch code garnier	0.0	1.0	0.0	9.0
batchkod parfym	0.0	1.0	0.0	9.0
loreal check code	0.0	1.0	0.0	9.0
loreal code check	0.0	1.0	0.0	9.0
проверка батч код	0.0	1.0	0.0	9.0
"""l'oreal"" -site:reddit.com -site:twitter.com -site:x.com -site:wykop.pl 
-site:tripadvisor.com -site:youtube.com -site:yelp.com -site:booking.com 
-site:facebook.com -site:instagram.com -site:tiktok.com"	0.0	1.0	0.0	10.0
"""maybelline"" -site:reddit.com -site:twitter.com -site:x.com -site:wykop.pl 
-site:tripadvisor.com -site:youtube.com -site:yelp.com -site:booking.com 
-site:facebook.com -site:instagram.com -site:tiktok.com"	0.0	1.0	0.0	10.0
dunhill cod	0.0	1.0	0.0	10.0
nivea sonnencreme herstellungsdatum	0.0	1.0	0.0	10.0
revisar batch code	0.0	1.0	0.0	10.0
проверка батч кодов	0.0	1.0	0.0	10.0
バッチコード	0.0	1.0	0.0	10.0
batch code estee lauder	0.0	1.0	0.0	11.0
cerave проверить подлинность	0.0	1.0	0.0	11.0
checkcosmetic dior	0.0	1.0	0.0	11.0
how to check dior batch code online	0.0	1.0	0.0	11.0
how to check estee lauder real or fake	0.0	1.0	0.0	11.0
kerastase check fresh	0.0	1.0	0.0	11.0
lancome batch code lookup	0.0	1.0	0.0	11.0
mac products expiry date	0.0	1.0	0.0	11.0
nivea batch code checker	0.0	1.0	0.0	11.0
vichy batch code checker	0.0	1.0	0.0	11.0
zara batch code check	0.0	1.0	0.0	11.0
как проверить jean paul gaultier на оригинальность	0.0	1.0	0.0	11.0
как проверить батч код косметики	0.0	1.0	0.0	11.0
vichy check expiry date	0.0	1.0	0.0	12.0
perfume expiration	0.0	1.0	0.0	16.0
проверить батч код на косметике	0.0	1.0	0.0	17.0
whats a batch code	0.0	1.0	0.0	18.0
화장품 유통 기한	0.0	1.0	0.0	18.0
batch code yves saint laurent	0.0	1.0	0.0	19.0
checkfresh dior	0.0	1.0	0.0	19.0
loreal checkfresh	0.0	1.0	0.0	21.0
batch code parfum prüfen	0.0	1.0	0.0	22.0
chargennummer herstellungsdatum	0.0	1.0	0.0	24.0
cosmetics wizard	0.0	1.0	0.0	24.0
paco rabanne invictus batch code	0.0	1.0	0.0	25.0
батч-код проверить	0.0	1.0	0.0	25.0
kosmetik herstellungsdatum prüfen	0.0	1.0	0.0	26.0
lancome checkfresh	0.0	1.0	0.0	26.0
torriden batch code checker	0.0	1.0	0.0	26.0
checkfresh mac	0.0	1.0	0.0	27.0
creed batch codes	0.0	1.0	0.0	27.0
dior batch code checker	0.0	1.0	0.0	27.0
perfume expiry dates	0.0	1.0	0.0	27.0
batchnummer parfum	0.0	1.0	0.0	28.0
estee lauder batch code	0.0	1.0	0.0	28.0
lancome batch code	0.0	1.0	0.0	28.0
dior homme intense batch code	0.0	1.0	0.0	29.0
does unopened mascara expire	0.0	1.0	0.0	29.0
estee lauder production date	0.0	1.0	0.0	29.0
nivea herstellungsdatum	0.0	1.0	0.0	29.0
armani code batch code	0.0	1.0	0.0	30.0
batch decoder	0.0	1.0	0.0	30.0
batchcode checken	0.0	1.0	0.0	30.0
checkfresh lancome batch code	0.0	1.0	0.0	30.0
creed aventus batch code check	0.0	1.0	0.0	30.0
parfum seriennummer prüfen	0.0	1.0	0.0	30.0
product batch	0.0	1.0	0.0	30.0
the body shop batch code checker	0.0	1.0	0.0	30.0
бич код парфюма проверить онлайн бесплатно	0.0	1.0	0.0	30.0
проверить срок годности косметики по штрих коду	0.0	1.0	0.0	30.0
체크코스메틱	0.0	1.0	0.0	30.0
chanel perfume checker	0.0	1.0	0.0	31.0
creed lot number	0.0	1.0	0.0	31.0
dior homme parfum batch code	0.0	1.0	0.0	31.0
do unopened skin care products expire	0.0	1.0	0.0	31.0
jean paul gaultier le male batch code	0.0	1.0	0.0	31.0
nivea creme expiration date	0.0	1.0	0.0	31.0
cod parfum	0.0	1.0	0.0	32.0
cosmetic wizard	0.0	1.0	0.0	32.0
karl lagerfeld как проверить подлинность	0.0	1.0	0.0	32.0
scanare cod parfum	0.0	1.0	0.0	32.0
creed batch lookup	0.0	1.0	0.0	33.0
dior batch codes	0.0	1.0	0.0	33.0
батч код живанши	0.0	1.0	0.0	33.0
creed batch code	0.0	1.0	0.0	34.0
dior homme batch code	0.0	1.0	0.0	34.0
eyeshadow shelf life	0.0	1.0	0.0	34.0
parfum code check	0.0	1.0	0.0	34.0
dior homme intense batch codes	0.0	1.0	0.0	35.0
parfum code überprüfen	0.0	1.0	0.0	35.0
signs nail polish is expired	0.0	1.0	0.0	35.0
what happens if u use expired nail polish	0.0	1.0	0.0	35.0
batch code checker the ordinary	0.0	1.0	0.0	36.0
batch code dolce gabbana	0.0	1.0	0.0	36.0
check cosmetic dior	0.0	1.0	0.0	36.0
creed authenticity check	0.0	1.0	0.0	36.0
creed batch check	0.0	1.0	0.0	36.0
creed green irish tweed batch code	0.0	1.0	0.0	36.0
dolce and gabbana batch code	0.0	1.0	0.0	36.0
parfum batch code überprüfen	0.0	1.0	0.0	36.0
батч код виктория сикрет	0.0	1.0	0.0	36.0
batch code checker perfume	0.0	1.0	0.0	37.0
batch code parfum	0.0	1.0	0.0	37.0
cerave expiration	0.0	1.0	0.0	37.0
creed batch code check	0.0	1.0	0.0	37.0
what happens if i use expired skincare	0.0	1.0	0.0	37.0
check cosmetic .com	0.0	1.0	0.0	38.0
creed silver mountain water batch code	0.0	1.0	0.0	38.0
laura mercier batch code	0.0	1.0	0.0	38.0
miss dior batch code	0.0	1.0	0.0	38.0
nail polish shelf life	0.0	1.0	0.0	38.0
онлайн калькулятор батч код	0.0	1.0	0.0	38.0
nivea expiry date	0.0	1.0	0.0	39.0
perfume date check	0.0	1.0	0.0	39.0
shelf life makeup	0.0	1.0	0.0	39.0
summer fridays batch code checker	0.0	1.0	0.0	39.0
батч код диор	0.0	1.0	0.0	39.0
batch code stronger with you	0.0	1.0	0.0	40.0
clinique batch code	0.0	1.0	0.0	40.0
cosmetic batch codes	0.0	1.0	0.0	40.0
creed batch code location	0.0	1.0	0.0	40.0
how long can you keep unopened mascara	0.0	1.0	0.0	40.0
parfum seriennummer überprüfen	0.0	1.0	0.0	40.0
parfüm code check	0.0	1.0	0.0	40.0
perfume code check	0.0	1.0	0.0	40.0
батч код онлайн	0.0	1.0	0.0	40.0
cosmetics batch code check	0.0	1.0	0.0	41.0
dior date code checker	0.0	1.0	0.0	41.0
how long does mascara last if unopened	0.0	1.0	0.0	41.0
проверка батч кода онлайн	0.0	1.0	0.0	41.0
can nail polish remover go bad	0.0	1.0	0.0	42.0
check cosmetics expiration date	0.0	1.0	0.0	42.0
parfüm batch kód ellenőrzés	0.0	1.0	0.0	42.0
проверить батч-код онлайн	0.0	1.0	0.0	42.0
batch parfum check	0.0	1.0	0.0	43.0
lotto profumo	0.0	1.0	0.0	43.0
molecule 01 batch code	0.0	1.0	0.0	43.0
бач код проверить	0.0	1.0	0.0	43.0
проверить батч код онлайн	0.0	1.0	0.0	43.0
проверить духи по коду онлайн	0.0	1.0	0.0	43.0
batch today	0.0	1.0	0.0	44.0
code perfume check	0.0	1.0	0.0	44.0
do colognes expire	0.0	1.0	0.0	44.0
expiration of cosmetics	0.0	1.0	0.0	44.0
how many years does nail polish last	0.0	1.0	0.0	44.0
neutrogena batch code expiry date	0.0	1.0	0.0	44.0
parfüm kód ellenőrzés	0.0	1.0	0.0	44.0
perfume manufacturing date	0.0	1.0	0.0	44.0
verificare valabilitate parfum	0.0	1.0	0.0	44.0
проверка батч кода	0.0	1.0	0.0	44.0
batch code perfumes	0.0	1.0	0.0	45.0
checker perfume	0.0	1.0	0.0	45.0
cosmetic shelf life	0.0	1.0	0.0	45.0
echtheid parfum controleren	0.0	1.0	0.0	45.0
la mer expiration date	0.0	1.0	0.0	45.0
perfume batch code check	0.0	1.0	0.0	45.0
piz buin expiry date	0.0	1.0	0.0	45.0
the ordinary manufacturing date	0.0	1.0	0.0	45.0
проверка батч кода косметики	0.0	1.0	0.0	45.0
batch code fragrances	0.0	1.0	0.0	46.0
batch code online	0.0	1.0	0.0	46.0
cerave expiry date check	0.0	1.0	0.0	46.0
check batchcode	0.0	1.0	0.0	46.0
check cosmestic	0.0	1.0	0.0	46.0
check cosmetic date	0.0	1.0	0.0	46.0
jpg batch code	0.0	1.0	0.0	46.0
проверка батч кода парфюма	0.0	1.0	0.0	46.0
проверка по батч коду парфюм	0.0	1.0	0.0	46.0
batch check	0.0	1.0	0.0	47.0
batch code проверить	0.0	1.0	0.0	47.0
christian dior check code	0.0	1.0	0.0	47.0
батч код духи	0.0	1.0	0.0	47.0
батч код калькулятор	0.0	1.0	0.0	47.0
проверить батч код духи	0.0	1.0	0.0	47.0
aveeno expiry date check	0.0	1.0	0.0	48.0
batch codes perfume	0.0	1.0	0.0	48.0
chanel 查 碼 網站	0.0	1.0	0.0	48.0
cosmetics shelf life	0.0	1.0	0.0	48.0
cosmeticswizard	0.0	1.0	0.0	48.0
how long do fragrances last	0.0	1.0	0.0	48.0
how long perfume last	0.0	1.0	0.0	48.0
makeup expiry date	0.0	1.0	0.0	48.0
parfum echtheit prüfen code	0.0	1.0	0.0	48.0
пробить батч код парфюма	0.0	1.0	0.0	48.0
расшифровка батч кода	0.0	1.0	0.0	48.0
batch number checker	0.0	1.0	0.0	49.0
batchchecker	0.0	1.0	0.0	49.0
how long do mascaras last	0.0	1.0	0.0	49.0
how to check expiry date on dove shampoo sachet	0.0	1.0	0.0	49.0
hållbarhet mascara	0.0	1.0	0.0	49.0
liz earle batch code checker	0.0	1.0	0.0	49.0
que es el batch code	0.0	1.0	0.0	49.0
skin care batch code checker	0.0	1.0	0.0	49.0
when do perfumes expire	0.0	1.0	0.0	49.0
батч код перевірити	0.0	1.0	0.0	49.0
перевірити батч код	0.0	1.0	0.0	49.0
cologne batch code	0.0	1.0	0.0	50.0
expiry date check cosmetics	0.0	1.0	0.0	50.0
how to know if makeup is expired	0.0	1.0	0.0	50.0
lipstick expiry date	0.0	1.0	0.0	50.0
батч код косметики	0.0	1.0	0.0	50.0
батч код парфюма проверить	0.0	1.0	0.0	50.0
перевірити батч код онлайн	0.0	1.0	0.0	50.0
check batch code perfume	0.0	1.0	0.0	51.0
does perfume go bad	0.0	1.0	0.0	51.0
how long does nail varnish last	0.0	1.0	0.0	51.0
valabilitate parfum	0.0	1.0	0.0	51.0
проверить батч код парфюмерии	0.0	1.0	0.0	51.0
check cosmetic expiry	0.0	1.0	0.0	52.0
mac foundation expiry date	0.0	1.0	0.0	52.0
shelf life nail polish	0.0	1.0	0.0	52.0
батч код труссарди	0.0	1.0	0.0	52.0
fragrance batch check	0.0	1.0	0.0	53.0
fragrance batch checker	0.0	1.0	0.0	53.0
hur länge håller en öppnad mascara	0.0	1.0	0.0	53.0
loreal lipstick expiry date	0.0	1.0	0.0	53.0
comprobar perfume original código	0.0	1.0	0.0	54.0
does eyeshadow expire	0.0	1.0	0.0	54.0
how long does eau de toilette last	0.0	1.0	0.0	54.0
kalkulator kosmetik	0.0	1.0	0.0	54.0
где найти батч код	0.0	1.0	0.0	54.0
перевірити батч-код парфумів онлайн	0.0	1.0	0.0	54.0
проверить косметику по батч коду	0.0	1.0	0.0	54.0
проверка духов по батч коду онлайн	0.0	1.0	0.0	54.0
cosmetic calculator	0.0	1.0	0.0	55.0
батч код как выглядит	0.0	1.0	0.0	55.0
batch checker	0.0	1.0	0.0	56.0
batch checking	0.0	1.0	0.0	56.0
batch cod	0.0	1.0	0.0	56.0
codice a barre profumi	0.0	1.0	0.0	56.0
батч-код проверить оригинальность	0.0	1.0	0.0	56.0
определить срок годности парфюма	0.0	1.0	0.0	56.0
does cologne expire	0.0	1.0	0.0	57.0
shelf life perfumes	0.0	1.0	0.0	57.0
batch number search	0.0	1.0	0.0	58.0
batch number search online	0.0	1.0	0.0	58.0
checking batch code	0.0	1.0	0.0	58.0
how long is nail polish good for	0.0	1.0	0.0	58.0
perfume expiration date	0.0	1.0	0.0	58.0
батч код проверить оригинальность	0.0	1.0	0.0	58.0
eos lip balm expiration date	0.0	1.0	0.0	59.0
батч коды	0.0	1.0	0.0	59.0
парфюмерный калькулятор	0.0	1.0	0.0	59.0
cosmetic expiry checker	0.0	1.0	0.0	60.0
fragrance batch numbers	0.0	1.0	0.0	60.0
fragrance code check	0.0	1.0	0.0	60.0
mac lipstick expiration	0.0	1.0	0.0	60.0
verificar batch code perfume	0.0	1.0	0.0	60.0
батч код где смотреть	0.0	1.0	0.0	60.0
батч-код парфумів	0.0	1.0	0.0	60.0
проверить духи по батч коду онлайн	0.0	1.0	0.0	60.0
batch codes cosmetics	0.0	1.0	0.0	61.0
expiration date cosmetics	0.0	1.0	0.0	61.0
what to do with old cosmetics	0.0	1.0	0.0	61.0
batch coding aka batch code	0.0	1.0	0.0	62.0
cosmetic expiration date lookup	0.0	1.0	0.0	62.0
cosmetics expiration date checker	0.0	1.0	0.0	62.0
cosmetics check date	0.0	1.0	0.0	63.0
how long does mascara last after opening	0.0	1.0	0.0	63.0
батч код парфумів	0.0	1.0	0.0	63.0
batch code makeup	0.0	1.0	0.0	65.0
batch code расшифровка	0.0	1.0	0.0	65.0
cosmetics expiry checker	0.0	1.0	0.0	65.0
does nail polish remover expire	0.0	1.0	0.0	65.0
hoe lang is mascara houdbaar	0.0	1.0	0.0	65.0
batchcodes printen	0.0	1.0	0.0	66.0
bio oil expiry date	0.0	1.0	0.0	66.0
check expiry date from batch number	0.0	1.0	0.0	66.0
hur länge håller en oöppnad mascara	0.0	1.0	0.0	66.0
skincare expiration date checker	0.0	1.0	0.0	66.0
батч код духов	0.0	1.0	0.0	66.0
как проверить батч код парфюма	0.0	1.0	0.0	66.0
マニキュア期限	0.0	1.0	0.0	66.0
batch code traduction	0.0	1.0	0.0	67.0
batch number product	0.0	1.0	0.0	67.0
батч код парфюма	0.0	1.0	0.0	67.0
проверить духи по батч коду	0.0	1.0	0.0	67.0
how long does mascara take to dry	0.0	1.0	0.0	68.0
how long does nail polish last once opened	0.0	1.0	0.0	68.0
batch nummer	0.0	1.0	0.0	69.0
cosmetic expiration date checker	0.0	1.0	0.0	69.0
cosmetics expiry check	0.0	1.0	0.0	69.0
do aftershaves expire	0.0	1.0	0.0	69.0
does nail polish expire	0.0	1.0	0.0	69.0
face wash expiry date	0.0	1.0	0.0	69.0
how long is mascara good for unopened	0.0	1.0	0.0	69.0
бач код духи	0.0	1.0	0.0	69.0
batches	0.0	1.0	0.0	70.0
how long does it take for mascara to expire	0.0	1.0	0.0	70.0
how to recycle makeup	0.0	1.0	0.0	70.0
makeup expired	0.0	1.0	0.0	70.0
проверить подлинность косметики по коду	0.0	1.0	0.0	70.0
check cosmetics fake	0.0	1.0	0.0	71.0
check perfumes	0.0	1.0	0.0	71.0
how long does perfume last	0.0	1.0	0.0	71.0
vad är batchnummer	0.0	1.0	0.0	71.0
makeup expiration date checker	0.0	1.0	0.0	72.0
батч код на парфюме	0.0	1.0	0.0	72.0
cosmetic freshness	0.0	1.0	0.0	74.0
cosmetics check	0.0	1.0	0.0	74.0
cosmetics expiration date check	0.0	1.0	0.0	74.0
cosmetics expiry date checker	0.0	1.0	0.0	74.0
expiration date of perfume	0.0	1.0	0.0	74.0
valabilitate produse cosmetice	0.0	1.0	0.0	74.0
verificare autenticitate parfum	0.0	1.0	0.0	74.0
wat is batchnummer	0.0	1.0	0.0	74.0
where is the batch code on cadbury chocolate	0.0	1.0	0.0	74.0
check your cosmetics	0.0	1.0	0.0	75.0
cosmetic check expiration	0.0	1.0	0.0	75.0
korean expiry date format	0.0	1.0	0.0	75.0
product code expiration date	0.0	1.0	0.0	75.0
houdbaarheid parfum ongeopend	0.0	1.0	0.0	76.0
how long is fingernail polish good for	0.0	1.0	0.0	76.0
batch code meaning	0.0	1.0	0.0	77.0
cosmetics date check	0.0	1.0	0.0	77.0
korean cosmetics expiration date	0.0	1.0	0.0	77.0
batch code example	0.0	1.0	0.0	78.0
cosmetics expiration	0.0	1.0	0.0	78.0
scadenza profumi	0.0	1.0	0.0	78.0
проверить срок годности косметики	0.0	1.0	0.0	78.0
does fragrance expire	0.0	1.0	0.0	79.0
how long do perfumes last once opened	0.0	1.0	0.0	79.0
how to check makeup expiration date	0.0	1.0	0.0	79.0
makeup expiry check	0.0	1.0	0.0	79.0
what is batch code	0.0	1.0	0.0	79.0
expiry date for cosmetics	0.0	1.0	0.0	80.0
hoe lang is eau de toilette houdbaar	0.0	1.0	0.0	80.0
makeup expiration dates	0.0	1.0	0.0	80.0
product date	0.0	1.0	0.0	80.0
do face serums expire	0.0	1.0	0.0	81.0
batch number format	0.0	1.0	0.0	82.0
product code	0.0	1.0	0.0	82.0
เว็บ เช็ควันหมดอายุ	0.0	1.0	0.0	82.0
how to check cosmetic expiry date	0.0	1.0	0.0	83.0
how to tell if nail polish is expired	0.0	1.0	0.0	83.0
проверка сроков годности косметики	0.0	1.0	0.0	83.0
expired cosmetics	0.0	1.0	0.0	85.0
expiry date of perfumes	0.0	1.0	0.0	85.0
check expiration date on makeup	0.0	1.0	0.0	86.0
check expiry date	0.0	1.0	0.0	86.0
check expiry date of cosmetics	0.0	1.0	0.0	86.0
how to find batch code on makeup	0.0	1.0	0.0	86.0
manufacturing date and expiry date	0.0	1.0	0.0	86.0
can nail polish go bad	0.0	1.0	0.0	87.0
beauty products expiration date	0.0	1.0	0.0	88.0
check expiry date beauty products	0.0	1.0	0.0	88.0
check the expiry date of cosmetics	0.0	1.0	0.0	88.0
manufacturing date	0.0	1.0	0.0	88.0
как узнать срок годности по штрих коду	0.0	1.0	0.0	88.0
cat timp este valabil un rimel	0.0	1.0	0.0	89.0
expiration date codes on cosmetics	0.0	1.0	0.0	89.0
what is julian code	0.0	1.0	0.0	89.0
does perfume go off	0.0	1.0	0.0	90.0
how to check shampoo expiry date	0.0	1.0	0.0	90.0
sunscreen expired	0.0	1.0	0.0	90.0
hoe lang blijft eau de toilette ruiken	0.0	1.0	0.0	92.0
how long should you keep a mascara	0.0	1.0	0.0	92.0
термін придатності парфумів	0.0	1.0	0.0	92.0
cosmetic barcode	0.0	1.0	0.0	93.0
срок годности косметики в европе	0.0	1.0	0.0	93.0
shampoo expiry date	0.0	1.0	0.0	94.0
mascara expiration date	0.0	1.0	0.0	95.0
cosmetics batch control system	0.0	1.0	0.0	96.0
product date code	0.0	1.0	0.0	96.0
when does makeup expire	0.0	1.0	0.0	96.0
check expiry date from barcode cosmetics	0.0	1.0	0.0	97.0
makeup barcode	0.0	1.0	0.0	97.0
cosmetics expiry	0.0	1.0	0.0	99.0
make up expiration date	0.0	1.0	0.0	99.0
makeup expiration	0.0	1.0	0.0	99.0
does perfume expire	0.0	1.0	0.0	100.0
makeup expiration symbol	0.0	1.0	0.0	100.0
manufacturing date example	0.0	1.0	0.0	100.0
сроки годности косметики	0.0	1.0	0.0	100.0
